94076;Операторская панель ABB CP430;6620200700;2022-03-16;;;Тында;
94075;Модуль АВХ-4 (Экспресс);00834;2022-03-16;;;Смоленск;
94074;Контроллер Siemens CPU313C;U9B80993;2022-03-16;;;Смоленск;
94073;Панель Advantech TPC-31T-E3AE;GSA0143857;2022-03-16;;;Смоленск;
94072;Панель Advantech TPC-31T-E3AE;GSA0151234;2022-03-16;;;Смоленск;
94071;Модуль аналоговый СМПК.426462.013 СМПК.758726.110;23;2022-03-16;;;Смоленск;
94070;Модуль дискретный МД (ЭЛСИЭЛ) СМПК.758726.078;464;2022-03-16;;;Смоленск;
94069;Модуль RV-301 ДЛИЖ.687281.0417;;2022-03-16;;;Москва-Ярославская;
94068;Прочее (см. примечания);;2022-03-16;;;Москва-Ярославская;Модуль RV-210
94067;Прочее (см. примечания);;2022-03-16;;;Москва-Ярославская;Модуль RV-410
94066;Модуль RV-202 ДЛИЖ.687281.0415;;2022-03-16;;;Москва-Ярославская;
94065;Прочее (см. примечания);;2022-03-16;;;Москва-Николаевка;(TLC5926i)Блок отображения двухстрочный ТЯИЛ.467845.002
94064;Модуль МП-06 (Латво);2552;2022-03-16;;;Москва-Ярославская;
94063;Модуль МЗ-03 (Латво);2648;2022-03-16;;;Москва-Ярославская;
94062;Модуль МЗ-03 (Латво);948;2022-03-16;;;Москва-Ярославская;
94061;Модуль МГ-03 (Латво);2460;2022-03-16;;;Москва-Ярославская;
94060;Блок упр. авт. двери СПСТ.468361.016;707096;2022-03-16;2022-03-16;;Москва-Ярославская;варистор
94059;Плата ПУВ3 (ГАМЕМ);093;2022-03-16;;;Москва-Ярославская;
94058;Модуль БУЭ-К (Экспресс 1А41);01618;2022-03-16;2022-03-16;2022-03-16;Москва-Ярославская;исправен
94057;Модуль БУЭ-К (Экспресс 1А41);03436;2022-03-16;2022-03-16;;Сервисный центр;Новороссийск. IXTK120N25P
94056;Модуль АВХ-4 (Экспресс);04562;2022-03-16;;;Сервисный центр;Москва
94055;Плата П2 (ГАМЕМ);20303925;2022-03-16;;;Сервисный центр;
94054;Плата ПУ5М (ГАМЕМ);1528;2022-03-16;;;Сервисный центр;Казань
94053;Модуль СК (ЗРК);;2022-03-16;;;Сервисный центр;Псков
94052;Модуль РНГ (ЗРК);;2022-03-16;;;Сервисный центр;Псков
94051;Модуль РМН-3 (ЗРК);1406;2022-03-16;;;Сервисный центр;Псков
94050;Модуль БРНГ (ЭЛСИЭЛ) СМПК.758726.025-0х;18;2022-03-16;;;Сервисный центр;Орск
94049;Плата резисторов СМПК.468353.005 СМПК.758724.066;115;2022-03-16;;;Сервисный центр;Петрозаводск
94048;Огр. напр. ОСН-2.5 ППЕТ-25-110 СМПК.435251.007;471;2022-03-16;;;Сервисный центр;Петрозаводск
94047;Инвертор ИН 110/220/5000/50/М1;12014;2022-03-16;;;Сервисный центр;Белгород
94046;Инвертор ПН-ПОЕТ-12-230-50-У1;808;2022-03-16;;;Сервисный центр;Махачкала
94045;Инвертор ПН-ПОЕТ-22-230-50-У1;2438;2022-03-16;;;Сервисный центр;Новороссийск
94044;Инвертор ПН-ПОЕТ-22-230-50-У1;503;2022-03-16;;;Москва-Николаевка;
94043;Прочее (см. примечания);;2022-03-15;;;Адлер;Платы SIEMENS в сборе. Переданы Фомину Е.В. в ремонт
94042;Контроллер Siemens SIBCOS M9000;1320;2022-03-15;2022-03-15;;Адлер;Электрохимическое повреждение токоведущих дорожек, посадочных мест и электронных компонентов. По просьбе Деляна Р.С. передан Фомину Е.В. в ремонт.
94041;Контроллер Siemens SIBCOS M9000;1390;2022-03-15;2022-03-15;;Адлер;Электрохимическое повреждение токоведущих дорожек, посадочных мест и электронных компонентов. По просьбе Деляна Р.С. передан Фомину Е.В. в ремонт.
94040;Плата ПДВ2 (ГАМЕМ);0613113;2022-03-15;;;Адлер;
94039;Плата СУИН СМПК.468332.085 СМПК.758726.116;43;2022-03-15;;;Адлер;
94038;Плата ППВ1 (ГАМЕМ);0916035;2022-03-15;;;Адлер;
94037;Блок упр. авт. двери СПСТ.468361.016;810183;2022-03-15;2022-03-15;;Адлер;
94036;Сервер ИВС-1.01;;2022-03-15;;;Адлер;
94035;Сервер ИВС-2.01-Ш;00092;2022-03-15;;;Адлер;
94034;Контроллер табло КТНС-2-64-01-03 (АВДБ.687280.029);01647;2022-03-15;2022-03-15;;Орел;
94033;Контроллер табло КТНС-2-64-01-03 (АВДБ.687280.029);01599;2022-03-15;2022-03-15;;Орел;
94032;Плата драйвера ДТИ 6/12 СМПК.758725.026;6933;2022-03-15;;;Орел;
94031;Плата датчиков тока СМПК.411133.000;1890;2022-03-15;;;Орел;
94030;Пульт СКУДОПП-9/4-0-0/0;2242;2022-03-15;;;Орел;
94029;Блок БРНГ в сборе ЖИТМ.421243.001 (Кросна);2240;2022-03-15;2022-03-16;;Орел;регулировка
94028;Операторская панель ABB CP430;6620200541;2022-03-15;;;Орел;
94027;Модуль расширения ABB XO08R1;08560035;2022-03-15;2022-03-15;2022-03-15;Москва-Николаевка;
94026;Модуль расширения ABB XI16E1;0C2B001A;2022-03-15;2022-03-15;2022-03-15;Москва-Николаевка;
94025;Модуль расширения ABB XE08B5;FFFFFFFF;2022-03-15;2022-03-15;2022-03-15;Москва-Николаевка;
94024;Модуль расширения ABB XO08R1;08560049;2022-03-15;2022-03-15;2022-03-15;Москва-Николаевка;
94023;Контроллер ABB 07KR51;0D89010F;2022-03-15;2022-03-15;2022-03-15;Москва-Николаевка;
94022;Операторская панель ABB CP552;0611-067;2022-03-15;2022-03-15;2022-03-15;Москва-Николаевка;
94021;Источник питания комплекта подсветки ступеней вагона;;2022-03-15;;;Москва-Николаевка;
94020;Источник питания комплекта подсветки ступеней вагона;;2022-03-15;;;Москва-Николаевка;
94019;Источник питания комплекта подсветки ступеней вагона;;2022-03-15;;;Москва-Николаевка;
94018;Источник питания комплекта подсветки ступеней вагона;;2022-03-15;;;Москва-Николаевка;
94017;Источник питания комплекта подсветки ступеней вагона;;2022-03-15;;;Москва-Николаевка;
94016;Светильник встраиваемый светодиодный СВС-01;;2022-03-15;;;Москва-Николаевка;
94015;Светильник встраиваемый светодиодный СВС-01;;2022-03-15;;;Москва-Николаевка;
94014;Светильник встраиваемый светодиодный СВС-01;;2022-03-15;;;Москва-Николаевка;
94013;Светильник встраиваемый светодиодный СВС-01;;2022-03-15;;;Москва-Николаевка;
94012;Светильник встраиваемый светодиодный СВС-01;;2022-03-15;;;Москва-Николаевка;
94011;Светильник встраиваемый светодиодный СВС-01;;2022-03-15;;;Москва-Николаевка;
94010;Прочее (см. примечания);;2022-03-15;;;Москва-Николаевка;Плата
94009;Плата ПДВ2 (ГАМЕМ);0113035;2022-03-15;;;Москва-Николаевка;
94008;Модуль аналоговый МА (ЭЛСИЭЛ) СМПК.758726.003;366;2022-03-15;;;Москва-Октябрьская;
94007;Модуль сопряжения CAN3 СМПК.667563.007;;2022-03-15;;;Москва-Киевская;
94006;Модуль сопряжения CAN3 СМПК.667563.007;139;2022-03-15;;;Москва-Киевская;
94005;Инвертор ИН 110/220/5000/50/М1;7768;2022-03-15;2022-03-15;2022-03-15;Москва-Киевская;гв 10.07
94004;Инвертор ИН 110/220/5000/50/М1;7777;2022-03-15;2022-03-15;2022-03-15;Москва-Киевская;гв 10.07 регулировка
94003;Инвертор ПН-ПОЕТ-22-230-50-У1;1036;2022-03-15;2022-03-15;2022-03-15;Москва-Киевская;гв 12.09 исправен
94002;Плата ПД2 (ГАМЕМ);0811022;2022-03-15;;;Котлас;
94001;Плата ПД2 (ГАМЕМ);01202832;2022-03-15;;;Котлас;
94000;БРЧ;4034;2022-03-15;;;Котлас;
93999;БУЗ;745;2022-03-15;;;Котлас;
93998;БУЗ;2199;2022-03-15;;;Котлас;
93997;Модуль МГ-16 (Латво);017;2022-03-15;2022-03-14;;Котлас;
93996;Модуль МГ-11 (Латво);1198;2022-03-15;2022-03-14;;Котлас;
93995;Модуль МГ-03 (Латво);1078;2022-03-15;2022-03-14;;Котлас;
93994;Модуль МЗ-03 (Латво);1186;2022-03-15;2022-03-14;;Котлас;исправен
93993;Модуль МЗ-03 (Латво);1240;2022-03-15;2022-03-14;;Котлас;
93992;Плата силового модуля СМПК.758725.039;2109;2022-03-15;;;Котлас;
93991;Плата силового модуля СМПК.758725.039;1832;2022-03-15;;;Котлас;
93990;Пульт управления ПУ-0840.1-5;00707;2022-03-15;;;Котлас;
93989;Блок БРНГ в сборе ЖИТМ.421243.001 (Кросна);2133;2022-03-15;;;Котлас;регулировка
93988;Контроллер помещения ТЯИЛ.468219.008 (КОНТИНЕНТ);;2022-03-15;;;Вологда;
93987;Блок упр. авт. двери СПСТ.468361.016;803289;2022-03-15;2022-03-15;;Вологда;
93986;Плата контроля СМПК.435332.129 СМПК.758726.180;36;2022-03-15;;;Вологда;
93985;Плата контроля СМПК.435332.129 СМПК.758726.180;42;2022-03-15;;;Вологда;
93984;Плата контроля СМПК.435332.129 СМПК.758726.180;33;2022-03-15;;;Вологда;
93983;Плата контроля СМПК.435332.129 СМПК.758726.180;23;2022-03-15;;;Вологда;
93982;Плата инвертора ППН СМПК.758726.163 СМПК.435331.020;80;2022-03-15;;;Вологда;
93981;Плата инвертора ППН СМПК.758726.163 СМПК.435331.020;35;2022-03-15;;;Вологда;
93980;Плата инвертора ППН СМПК.758726.163 СМПК.435331.020;81;2022-03-15;;;Вологда;
93979;Плата инвертора ППН СМПК.758726.163 СМПК.435331.020;147;2022-03-15;;;Вологда;
93978;Плата инвертора ППН СМПК.758726.163 СМПК.435331.020;;2022-03-15;;;Вологда;
93977;Плата инвертора ППН СМПК.758726.163 СМПК.435331.020;261;2022-03-15;;;Вологда;
93976;Плата инвертора ППН СМПК.758726.163 СМПК.435331.020;310;2022-03-15;;;Вологда;
93975;Плата ВВ драйверов СМПК.758726.181 СМПК.468741.044;219;2022-03-15;;;Вологда;
93974;Плата ВВ драйверов СМПК.758726.181 СМПК.468741.044;254;2022-03-15;;;Вологда;
93973;Плата ВВ драйверов СМПК.758726.181 СМПК.468741.044;61;2022-03-15;;;Вологда;
93972;Плата ВВ драйверов СМПК.758726.181 СМПК.468741.044;568;2022-03-15;;;Вологда;
93971;Плата ВВ драйверов СМПК.758726.181 СМПК.468741.044;54;2022-03-15;;;Вологда;
93970;Плата ВВ драйверов СМПК.758726.181 СМПК.468741.044;513;2022-03-15;;;Вологда;
93969;Плата ВВ драйверов СМПК.758726.181 СМПК.468741.044;57;2022-03-15;;;Вологда;
93968;Модуль дискретный МД (ЭЛСИЭЛ) СМПК.758726.078;149;2022-03-15;2022-03-15;;Ульяновск;
93967;Модуль дискретный МД (ЭЛСИЭЛ) СМПК.758726.078;155;2022-03-15;2022-03-15;;Ульяновск;
93966;Модуль управления МУ (ЭЛСИЭЛ) СМПК.758726.079;38;2022-03-15;2022-03-15;;Ульяновск;
93965;Модуль управления МУ (ЭЛСИЭЛ) СМПК.758726.079;151;2022-03-15;2022-03-15;;Ульяновск;
93964;Модуль питания МП (ЭЛСИЭЛ) СМПК.758726.075;104;2022-03-15;2022-03-15;;Ульяновск;
93963;Модуль питания МП (ЭЛСИЭЛ) СМПК.758726.075;15;2022-03-15;2022-03-15;;Ульяновск;
93962;Модуль аналоговый СМПК.426462.010 СМПК.758726.082;260;2022-03-15;2022-03-15;;Ульяновск;
93961;Модуль коммутационный МК (ЭЛСИЭЛ) СМПК.426436.001;48;2022-03-15;;;Ульяновск;
93960;Модуль БРНГ (ЭЛСИЭЛ) СМПК.758726.025-0х;186;2022-03-15;2022-03-15;;Ульяновск;
93959;Блок индикации ЭЛСИЭЛ СМПК.426469.001;058;2022-03-15;;;Волгоград;
93958;Блок индикации ЭЛСИЭЛ БИ-03;517;2022-03-15;;;Волгоград;
93957;Плата драйвера 2-к СМПК.758726.108 СМПК.435351.003;682;2022-03-15;;;Саратов;
93956;Плата ПС-6РМ2 (ГАМЕМ);0517133;2022-03-15;;;Саратов;
93955;Блок БУЭВ-Г АВДБ.758800.100;00195;2022-03-15;;;Саратов;
93954;Информационное табло светодиодное ИТС-0840.1-4RGВ-2-2;000628;2022-03-15;;;Саратов;
93953;Сервер ИВС АВДБ.687280.032;00193;2022-03-15;2022-03-15;;Киров;Замена блока питания.
93952;Плата СУ ПП СМПК.468332.074 СМПК.758726.100;106;2022-03-15;;;Воронеж;ТВРЗ(ЗАВОД)
93951;Плата БУТ-М СМПК.758725.042;115;2022-03-15;;;Воронеж;ТВРЗ(ЗАВОД)
93950;Сигнальный фонарь PINTSCH BAMAG A2V00001993318;1058;2022-03-15;;;Воронеж;ВВРЗ(ЗАВОД)
93949;Сигнальный фонарь PINTSCH BAMAG A2V00001993318;555;2022-03-15;;;Воронеж;ВВРЗ(ЗАВОД)
93948;Сигнальный фонарь PINTSCH BAMAG A2V00001993318;1039;2022-03-15;;;Воронеж;ВВРЗ(ЗАВОД)
93947;Модуль дискретный MD-846;005A00120203;2022-03-15;;;Воронеж;ВВРЗ(ЗАВОД)
93946;Модуль дискретный MD-846;027C00120203;2022-03-15;;;Воронеж;ВВРЗ(ЗАВОД)
93945;Модуль дискретный MD-846;03A200120203;2022-03-15;;;Воронеж;ВВРЗ(ЗАВОД)
93944;Модуль дискретный MD-846;018200120203;2022-03-15;;;Воронеж;ВВРЗ(ЗАВОД)
93943;Модуль дискретный MD-846;017200120203;2022-03-15;;;Воронеж;ВВРЗ(ЗАВОД)
93942;Модуль дискретный MD-846;038B00120203;2022-03-15;;;Воронеж;ВВРЗ(ЗАВОД)
93941;Модуль аналоговый MA-444;027F00130203;2022-03-15;;;Воронеж;ВВРЗ(ЗАВОД)
93940;Модуль аналоговый MA-444;01A700130203;2022-03-15;;;Воронеж;ВВРЗ(ЗАВОД)
93939;Модуль аналоговый MA-444;01AE00130203;2022-03-15;;;Воронеж;ВВРЗ(ЗАВОД)
93938;Модуль аналоговый MA-444;01B700130203;2022-03-15;;;Воронеж;ВВРЗ(ЗАВОД)
93937;Модуль ПУ MCN-3.0;111;2022-03-15;;;Воронеж;ВВРЗ(ЗАВОД)
93936;Модуль ПУ MCN-3.0;074;2022-03-15;;;Воронеж;ВВРЗ(ЗАВОД)
93935;Модуль ПУ MCN-3.0;;2022-03-15;;;Воронеж;ВВРЗ(ЗАВОД)
93934;Операторская панель ABB PP320;004749340140;2022-03-15;2022-03-16;;Воронеж;ТВРЗ(ЗАВОД)
93933;Блок индикации ЭЛСИЭЛ БИ-03;338;2022-03-15;2022-03-16;;Воронеж;ВВРЗ(ЗАВОД).
93932;Блок индикации ЭЛСИЭЛ СМПК.426469.000;33;2022-03-15;;;Воронеж;ВВРЗ(ЗАВОД).
93931;Прочее (см. примечания);1201943-02;2022-03-15;;;Воронеж;ВВРЗ(ЗАВОД). Блок управления дверями GESSMANN
93930;Прочее (см. примечания);MAC2113711;2022-03-15;;;Воронеж;ВВРЗ(ЗАВОД). Монитор SIEMENS. Передан Фомину Е.В. в ремонт.
93929;Прочее (см. примечания);00133-1;2022-03-15;;;Воронеж;ВВРЗ(ЗАВОД). Панель управления от блока BMZ Rail 138. Передан в ремонт Фомину Е.В.
93928;Прочее (см. примечания);00180-2;2022-03-15;;;Воронеж;ВВРЗ(ЗАВОД). Блок BMZ Rail 138. Передан в ремонт Фомину Е.В.
93927;Модуль АВХ-4 (Экспресс);03109;2022-03-11;2022-03-15;;Новосибирск;Замена АЦП на 2-м канале.
93926;Плата СУ ППН СМПК.758725.126 СМПК.468332.075;53;2022-03-11;;;Новосибирск;
93925;Модуль БРНГ (ЭЛСИЭЛ) СМПК.758726.025-0х;228;2022-03-11;;;Новосибирск;
93924;Плата драйвера ДТИ 1/12 СМПК.758724.024;8381;2022-03-11;;;Воронеж;
93923;Плата драйвера ДТИ 1/12 СМПК.758724.024;8624;2022-03-11;;;Воронеж;
93922;Плата драйвера ДТИ 1/12 СМПК.758724.024;8520;2022-03-11;;;Воронеж;
93921;Модуль ПУ MCN-3.0;115;2022-03-11;;;Воронеж;ВВРЗ(ЗАВОД).
93920;Модуль ПУ MCN-3.0;082;2022-03-11;;;Воронеж;ВВРЗ(ЗАВОД).
93919;Модуль ПУ MCN-3.0;070;2022-03-11;;;Воронеж;ВВРЗ(ЗАВОД).
93918;Табло инф. ТИ-11-11-38М;10660;2022-03-11;2022-03-14;2022-03-14;Брянск;
93917;Модуль МГ-11 (Латво);303;2022-03-11;2022-03-14;2022-03-14;Брянск;
93916;Модуль МГ-11 (Латво);1261;2022-03-11;2022-03-14;2022-03-14;Брянск;
93915;Модуль МЗ-03 (Латво);1239;2022-03-11;2022-03-14;2022-03-14;Брянск;
93914;Модуль МП-06 (Латво);868;2022-03-11;2022-03-14;2022-03-14;Брянск;
93913;Модуль МС-02 (Латво);1841;2022-03-11;2022-03-14;2022-03-14;Брянск;
93912;Прочее (см. примечания);;2022-03-11;2022-03-11;2022-03-13;Орел;Плата сопротивления
93911;Плата СУ МПН.01 СМПК.758725.018;1034;2022-03-11;;;Орел;
93910;Блок регулятора ТЯИЛ.468313.001;;2022-03-11;;;Орел;Выход из строя процессора.
93909;Блок трансф. ТЯИЛ.468151.001 (КОНТИНЕНТ);;2022-03-11;2022-03-11;;Орел;Пробит транс. + выгорел разъём 12 вольт
93908;Модуль ПУ MCN-3.0;;2022-03-11;;;Орел;
93907;Плата БЗ СМПК.468243.000;890;2022-03-11;2022-03-11;2022-03-13;Орел;IL311AN, КТ713Б, восстановление дорожек
93906;БУЗ-50;00288;2022-03-11;2022-03-11;2022-03-13;Орел;
93905;Контроллер помещения ТЯИЛ.468219.008 (КОНТИНЕНТ);;2022-03-11;2022-03-11;2022-03-13;Орел;
93904;Пульт СКУДОПП-9/4-0-0/0;2237;2022-03-11;2022-03-11;2022-03-13;Орел;
93903;Пульт управления ПУ-0840.1-5;00757;2022-03-11;;;Орел;
93902;Огр. напр. СНСО-01 (ПГУП НВЭЦ);;2022-03-11;2022-03-11;2022-03-13;Орел;
93901;Плата ПУ1-1 (ГАМЕМ);30303731;2022-03-11;2022-03-11;2022-03-13;Орел;
93900;Плата ПУ1-1 (ГАМЕМ);30403761;2022-03-11;2022-03-11;2022-03-13;Орел;
93899;Плата ПУ1-1 (ГАМЕМ);20501621;2022-03-11;2022-03-11;2022-03-13;Орел;
93898;Модуль ЭЗ (ЗРК);;2022-03-11;2022-03-14;2022-03-14;Орел;
93897;Модуль УЗ (ЗРК);;2022-03-11;2022-03-14;2022-03-14;Орел;
93896;Модуль СК (ЗРК);1422;2022-03-11;2022-03-14;2022-03-14;Орел;
93895;Модуль СК (ЗРК);;2022-03-11;2022-03-14;2022-03-14;Орел;
93894;Блок БПН-2.1 2Б.850.1 (Латво);772;2022-03-11;2022-03-11;2022-03-13;Орел;
93893;Модуль БУС (Кросна);;2022-03-11;2022-03-14;2022-03-14;Орел;
93892;Модуль БУС (Кросна);;2022-03-11;2022-03-14;2022-03-14;Орел;
93891;Блок упр. авт. двери СПСТ.468361.016;11071011;2022-03-11;2022-03-11;2022-03-13;Орел;
93890;Блок упр. авт. двери СПСТ.468361.016;904041;2022-03-11;2022-03-11;2022-03-13;Орел;
93889;Блок упр. авт. двери СПСТ.468361.016;1103492;2022-03-11;2022-03-11;2022-03-13;Орел;
93888;Блок упр. авт. двери СПСТ.468361.016;1101244;2022-03-11;2022-03-11;2022-03-13;Орел;
93887;Блок упр. авт. двери СПСТ.468361.016;1012149;2022-03-11;2022-03-11;2022-03-13;Орел;
93886;Инвертор ИН 110/220/1500/50/М1;6386;2022-03-11;2022-03-11;2022-03-13;Орел;
93885;Модуль МГ-12 (Латво);953;2022-03-11;2022-03-14;2022-03-14;Москва-Октябрьская;
93884;Блок упр. авт. двери СПСТ.468361.016;806117;2022-03-11;2022-03-11;2022-03-14;Москва-Октябрьская;
93883;Модуль БРНГ (ЭЛСИЭЛ) СМПК.758726.025-0х;489;2022-03-10;2022-03-11;2022-03-14;Москва-Киевская;
93882;Модуль дискретный МД (ЭЛСИЭЛ) СМПК.758726.041;106;2022-03-10;2022-03-11;2022-03-14;Москва-Киевская;
93881;Модуль питания МП (ЭЛСИЭЛ) СМПК.758726.028;491;2022-03-10;2022-03-11;2022-03-14;Москва-Киевская;
93880;Модуль аналоговый МА (ЭЛСИЭЛ) СМПК.758726.003;361;2022-03-10;2022-03-11;2022-03-14;Москва-Киевская;
93879;Модуль управления МУ (ЭЛСИЭЛ) СМПК.758726.005;248;2022-03-10;2022-03-11;2022-03-14;Москва-Киевская;
93878;Датчик ОДМ-3 ИТ7.102.725;;2022-03-10;;;Москва-Киевская;
93877;Датчик ОДМ-3 ИТ7.102.725;;2022-03-10;;;Москва-Киевская;
93876;Модуль МП-08 (Латво);1049;2022-03-10;2022-03-11;2022-03-11;Москва-Киевская;
93875;Источник питания комплекта подсветки ступеней вагона;;2022-03-10;;;Москва-Николаевка;
93874;Дисплей WECON;71018044;2022-03-10;2022-03-14;2022-03-14;Тында;
93873;Блок упр. авт. двери СПСТ.468361.016;807175;2022-03-10;2022-03-10;2022-03-14;Тында;
93872;Блок упр. авт. двери СПСТ.468361.016;810403;2022-03-10;2022-03-10;2022-03-11;Москва-Ярославская;
93871;Модуль МП-08 (Латво);183;2022-03-10;2022-03-11;2022-03-11;Москва-Ярославская;
93870;Подъемник инвалида ППТ-1ДП2;425;2022-03-10;2022-03-14;2022-03-14;Москва-Ярославская;
93869;Операторская панель B&R 4PP045;94980179192;2022-03-10;2022-03-10;2022-03-11;Москва-Ярославская;
93868;Модуль БРНГ ВКПФ.452270.141;003;2022-03-10;;;Сервисный центр;
93867;Прочее (см. примечания);145;2022-03-10;;;Уфа;Блок УУ-200. Передан в ремонт Бакину В.В. 10.03.2022
93866;Прочее (см. примечания);144;2022-03-10;;;Уфа;Блок УУ-200. Передан в ремонт Бакину В.В. 10.03.2022
93865;Модуль аналоговый МА (ЭЛСИЭЛ) СМПК.758726.003;442;2022-03-10;;;Уфа;
93864;Операторская панель B&R 4PP045;94980174721;2022-03-10;;;Уфа;
93863;Табло инф. ТИ-5-38;050;2022-03-10;2022-03-14;2022-03-14;Уфа;
93862;Блок упр. авт. двери СПСТ.468361.016;1003256;2022-03-10;2022-03-10;2022-03-14;Уфа;
93861;Телевизор NEOVO X-1501;73400336;2022-03-10;2022-03-14;2022-03-14;Казань;
93860;Сервер ИВС-1.01;;2022-03-10;2022-03-11;2022-03-14;Казань;Замена DVD-привода. Переустановка ПО.
93859;Сервер ИВС-1.01;;2022-03-10;;;Казань;
93858;Сервер ИВС-2.02;00026;2022-03-10;2022-03-11;2022-03-14;Казань;Замена материнской платы и видеопереходника.
93857;Инвертор ПН-ПОЕТ-22-230-50-У1;761;2022-03-10;2022-03-14;2022-03-14;Казань;
93856;Информационное табло светодиодное ИТС-0840.2-4RGВ-1-2;02546;2022-03-09;2022-03-14;2022-03-14;Москва-Октябрьская;
93855;Табло инф. ТИ-11-11-38S;5431;2022-03-09;2022-03-14;2022-03-14;Москва-Октябрьская;
93854;Табло инф. ТИ-11-11-38М;8770;2022-03-09;2022-03-14;2022-03-14;Москва-Октябрьская;
93853;Модуль ДВД-16-РД (Экспресс);02737;2022-03-09;2022-03-11;2022-03-14;Москва-Октябрьская;
93852;Модуль ДВХ-16-24 (Экспресс);03186;2022-03-09;2022-03-11;2022-03-14;Москва-Октябрьская;
93851;Модуль БРНГ (ЭЛСИЭЛ) СМПК.758726.025-0х;49;2022-03-09;2022-03-15;2022-03-15;Сервисный центр;Новый Уренгой
93850;Плата П-02 (ГАМЕМ);0517048;2022-03-09;2022-03-15;2022-03-15;Сервисный центр;Саратов
93849;Плата РНП (ГАМЕМ);1016180;2022-03-09;2022-03-10;2022-03-15;Сервисный центр;Саратов
93848;Плата РНП (ГАМЕМ);0517076;2022-03-09;2022-03-10;2022-03-15;Сервисный центр;Астрахань. 1,8 кОм
93847;Плата ПУ5М (ГАМЕМ);1179;2022-03-09;2022-03-11;2022-03-15;Сервисный центр;Адлер
93846;Огр. напр. ОСН-2.5 ППЕТ-25-110 СМПК.435251.007;144;2022-03-09;2022-03-10;2022-03-15;Сервисный центр;Новороссийск, исправен
93845;Блок упр. авт. двери СПСТ.468361.016;905126;2022-03-09;2022-03-10;2022-03-15;Сервисный центр;Самара
93844;Блок упр. авт. двери СПСТ.468361.016;810222;2022-03-09;2022-03-10;2022-03-15;Сервисный центр;Адлер
93843;Блок упр. авт. двери СПСТ.468361.016;804006;2022-03-09;2022-03-10;2022-03-15;Сервисный центр;Ульяновск
93842;Блок упр. авт. двери СПСТ.468361.016;809095;2022-03-09;2022-03-10;2022-03-15;Сервисный центр;Ульяновск
93841;Инвертор ПН-ПОЕТ-12-230-50-У1;233;2022-03-09;2022-03-10;2022-03-15;Сервисный центр;Новороссийск гв 09.03 Резисторы ОС
93840;Плата П-02 (ГАМЕМ);0310021;2022-03-09;2022-03-10;2022-03-10;Орехово-Зуево;
93839;Плата П-01 (ГАМЕМ);20907480;2022-03-09;2022-03-10;2022-03-10;Орехово-Зуево;
93838;Плата П-01 (ГАМЕМ);20708268;2022-03-09;2022-03-10;2022-03-10;Орехово-Зуево;
93837;Плата датчиков тока СМПК.411133.000;2263;2022-03-09;;;Орехово-Зуево;
93836;Плата ПР1 (ГАМЕМ);30907355;2022-03-09;;;Орехово-Зуево;
93835;Плата драйвера 4-к СМПК.758725.123 СМПК.468741.019;107;2022-03-09;;;Орехово-Зуево;
93834;Модуль аналоговый СМПК.426462.010 СМПК.758726.082;119;2022-03-09;2022-03-10;2022-03-11;Орехово-Зуево;
93833;Модуль дискретный МД (ЭЛСИЭЛ) СМПК.758726.078;15;2022-03-09;2022-03-10;2022-03-11;Орехово-Зуево;
93832;Модуль дискретный МД (ЭЛСИЭЛ) СМПК.758726.078;41;2022-03-09;2022-03-10;2022-03-11;Орехово-Зуево;
93831;Модуль питания МП (ЭЛСИЭЛ) СМПК.758726.075;94;2022-03-09;2022-03-10;2022-03-11;Орехово-Зуево;
93830;Модуль питания МП (ЭЛСИЭЛ) СМПК.758726.075;56;2022-03-09;2022-03-10;2022-03-11;Орехово-Зуево;
93829;Модуль управления МУ (ЭЛСИЭЛ) СМПК.758726.079;103;2022-03-09;2022-03-10;2022-03-11;Орехово-Зуево;
93828;Модуль управления МУ (ЭЛСИЭЛ) СМПК.758726.079;78;2022-03-09;2022-03-10;2022-03-11;Орехово-Зуево;
93827;Модуль коммутационный МК (ЭЛСИЭЛ) СМПК.426436.001;33;2022-03-09;2022-03-10;2022-03-11;Орехово-Зуево;
93826;Модуль БРНГ (ЭЛСИЭЛ) СМПК.758726.025-0х;72;2022-03-09;2022-03-10;2022-03-11;Орехово-Зуево;
93825;Плата датчиков тока СМПК.411133.000;1095;2022-03-09;;;Волгоград;
93824;Блок БУЭВ-Г АВДБ.758800.100;01306;2022-03-09;2022-03-09;2022-03-14;Волгоград;Предохранитель 0,25А, 15 Ом
93823;Блок БУЭВ-Г АВДБ.758800.100;01182;2022-03-09;2022-03-09;2022-03-14;Киров;STW77N65M5, восстановление дорожек
93822;Плата драйвера 1ДНД (ГАМЕМ);00605192;2022-03-09;;;Санкт-Петербург;
93821;Плата драйвера 1ДНД (ГАМЕМ);0030720;2022-03-09;;;Санкт-Петербург;
93820;Плата ПДВ2 (ГАМЕМ);0613123;2022-03-09;;;Санкт-Петербург;
93819;Плата ПУВ2 (ГАМЕМ);3010913H;2022-03-09;2022-03-10;2022-03-14;Санкт-Петербург;Регулировка
93818;Плата ПУВ2 (ГАМЕМ);11105355H;2022-03-09;2022-03-10;2022-03-14;Санкт-Петербург;HCPL631. резисторы интерфейс, разр.пуска
93817;Плата ПУВ2 (ГАМЕМ);10307487H;2022-03-09;2022-03-10;2022-03-14;Санкт-Петербург;Регулировка
93816;Модуль ЛОГ2 (БРНГ Кросна);;2022-03-09;;;Адлер;
93815;Модуль ЗАЩ (БРНГ Кросна);;2022-03-09;2022-03-14;2022-03-14;Адлер;
93814;Модуль КОНТ (БРНГ Кросна);;2022-03-09;2022-03-14;2022-03-14;Адлер;
93813;Модуль КОНТ (БРНГ Кросна);;2022-03-09;2022-03-14;2022-03-14;Адлер;
93812;Модуль УПР (БРНГ Кросна);;2022-03-09;2022-03-14;2022-03-14;Адлер;
93811;Модуль УПР (БРНГ Кросна);;2022-03-09;2022-03-14;2022-03-14;Адлер;
93810;Модуль УПР (БРНГ Кросна);;2022-03-09;2022-03-14;2022-03-14;Адлер;
93809;Модуль УПР (БРНГ Кросна);;2022-03-09;2022-03-14;2022-03-14;Адлер;
93808;Модуль УПР (БРНГ Кросна);;2022-03-09;2022-03-14;2022-03-14;Адлер;
93807;Модуль УПР (БРНГ Кросна);;2022-03-09;2022-03-14;2022-03-14;Адлер;
93806;Табло инф. ТИ-11-11-38S;4589;2022-03-09;2022-03-14;2022-03-14;Адлер;
93805;Инвертор ПН-ПОЕТ-12-230-50-У1;107;2022-03-09;2022-03-14;2022-03-14;Ульяновск;
93804;Инвертор ПН-ПОЕТ-22-230-50-У1;394;2022-03-09;2022-03-10;2022-03-14;Чита;гв 04.08 Регулировка
93803;Инвертор ИН 110/220/7000/50/М1;21359;2022-03-09;2022-03-14;2022-03-14;Чита;
93802;Модуль управления МУ (ЭЛСИЭЛ) СМПК.758726.079;326;2022-03-09;;;Подменный фонд;После ремонта вернуть на центральный склад
93801;Модуль управления МУ (ЭЛСИЭЛ) СМПК.758726.079;271;2022-03-09;;;Подменный фонд;После ремонта вернуть на центральный склад
93800;Инвертор двигателя насоса отопл. КДН-150-110;057;2022-03-09;;;Москва-Киевская;ждет MC33035P
93799;Блок БКНБ-004;;2022-03-09;2022-03-09;2022-03-09;Москва-Киевская;
93798;Блок БКНБ-004;;2022-03-09;2022-03-09;2022-03-09;Москва-Киевская;
93797;Модуль БЗ-142 (Экспресс А);00460;2022-03-09;2022-03-09;2022-03-09;Москва-Киевская;
93796;Модуль расширения ABB XE08B5;FFFFFFFF;2022-03-09;2022-03-09;2022-03-09;Москва-Киевская;По просьбе Серебрякова В. В. отпр. в Орел.
93795;Модуль расширения ABB XI16E1;0D35008E;2022-03-09;2022-03-09;2022-03-09;Москва-Киевская;По просьбе Серебрякова В. В. отпр. в Орел.
93794;Контроллер ABB 07KR51;0D760168;2022-03-09;2022-03-09;2022-03-09;Москва-Киевская;По просьбе Серебрякова В. В. отпр. в Орел.
93793;Операторская панель ABB CP552;0525-009;2022-03-09;2022-03-09;2022-03-09;Москва-Киевская;По просьбе Серебрякова В. В. отпр. в Орел.
93792;Блок РНС ЖИТМ.436432.001 (Кросна);088;2022-03-09;2022-03-09;2022-03-09;Москва-Киевская;
93791;Блок БРНГ в сборе ЖИТМ.421243.001 (Кросна);1403;2022-03-09;2022-03-09;2022-03-09;Москва-Киевская;
93790;Прочее (см. примечания);EB18547959;2022-03-05;2022-03-11;2022-03-14;Санкт-Петербург;Преобразователь MEAN WELL SD-150D-24
93789;Контроллер ABB 07KR51;0d760152;2022-03-05;2022-03-05;2022-03-14;Санкт-Петербург;перепрограммирован контроллер заменена батарейка
93788;Плата ПУ5М (ГАМЕМ);3522;2022-03-05;2022-03-10;2022-03-14;Санкт-Петербург;
93787;Плата ПУ5М (ГАМЕМ);985;2022-03-05;2022-03-11;2022-03-14;Санкт-Петербург;
93786;Плата ПУ5М (ГАМЕМ);643;2022-03-05;2022-03-11;;Санкт-Петербург;Контроллер. На ГАМЕМ.Отпр. ГАМЕМ 14.03.2022
93785;Плата ПУВ3 (ГАМЕМ);138;2022-03-05;2022-03-10;;Санкт-Петербург;Ошибка 78, 79. На ГАМЕМ.Отпр. ГАМЕМ 14.03.2022
93784;Плата П-02 (ГАМЕМ);0416075;2022-03-05;2022-03-05;2022-03-14;Санкт-Петербург;CD4011, IR2110
93783;Плата ПДВ-3 (ГАМЕМ);836;2022-03-05;2022-03-09;2022-03-14;Санкт-Петербург;М
93782;Плата усилителя сигнала упр. СМПК.468741.042 СМПК.758726.175;139;2022-03-05;;;Санкт-Петербург;
93781;Плата ВИП СМПК.436624.003 СМПК.758725.128;2159;2022-03-05;2022-03-09;2022-03-14;Санкт-Петербург;
93780;Модуль БРНГ (ЭЛСИЭЛ) СМПК.758726.025-0х;157;2022-03-05;2022-03-10;2022-03-14;Санкт-Петербург;
93779;Модуль БРНГ (ЭЛСИЭЛ) СМПК.758726.025-0х;31;2022-03-05;2022-03-10;2022-03-14;Санкт-Петербург;
93778;Модуль БРНГ (ЭЛСИЭЛ) СМПК.758726.025-0х;277;2022-03-05;;;Санкт-Петербург;
93777;Модуль коммутационный МК (ЭЛСИЭЛ) СМПК.758726.102;231;2022-03-05;2022-03-10;2022-03-14;Санкт-Петербург;
93776;Контроллер помещения ТЯИЛ.468219.008 (КОНТИНЕНТ);;2022-03-05;;;Санкт-Петербург;
93775;Контроллер помещения ТЯИЛ.468219.008 (КОНТИНЕНТ);;2022-03-05;;;Санкт-Петербург;
93774;Контроллер помещения ТЯИЛ.468219.008 (КОНТИНЕНТ);;2022-03-05;;;Санкт-Петербург;
93773;Контроллер помещения ТЯИЛ.468219.008 (КОНТИНЕНТ);;2022-03-05;;;Санкт-Петербург;
93772;Контроллер помещения ТЯИЛ.468219.008 (КОНТИНЕНТ);;2022-03-05;;;Санкт-Петербург;
93771;Контроллер помещения ТЯИЛ.468219.008 (КОНТИНЕНТ);;2022-03-05;;;Санкт-Петербург;
93770;Контроллер помещения ТЯИЛ.468219.008 (КОНТИНЕНТ);;2022-03-05;;;Санкт-Петербург;
93769;Контроллер помещения ТЯИЛ.468219.008 (КОНТИНЕНТ);;2022-03-05;;;Санкт-Петербург;
93768;Контроллер помещения ТЯИЛ.468219.008 (КОНТИНЕНТ);;2022-03-05;;;Санкт-Петербург;
93767;Контроллер помещения ТЯИЛ.468219.008 (КОНТИНЕНТ);;2022-03-05;;;Санкт-Петербург;
93766;Плата ПУВ2 (ГАМЕМ);1050570Н;2022-03-05;2022-03-05;;Санкт-Петербург;Пришла без ПЛИС
93765;Контроллер информационной панели КИП-2 АВДБ.687240.075;00008;2022-03-05;;;Санкт-Петербург;Ждёт запч.
93764;Контроллер информационной панели КИП-2 АВДБ.687240.075;00112;2022-03-05;2022-03-06;2022-03-14;Санкт-Петербург;Зам. SD + 4 конд. на свиче
93763;Контроллер информационной панели КИП-1 АВДБ.687240.070;00229;2022-03-05;2022-03-06;;Санкт-Петербург;Сбой ПО. В ЭЛК
93762;Блок БУЭВ-Г АВДБ.758800.100;00359;2022-03-05;2022-03-05;2022-03-14;Санкт-Петербург;Предохранитель 0,25А
93761;Блок БУЭВ-Г АВДБ.758800.100;00382;2022-03-05;2022-03-05;2022-03-14;Санкт-Петербург;SI8441AB - 2 шт, IR4426S - 3 шт, 100 Ом, 39 Ом, IRF710 - 2 шт
93760;Блок БУЭВ-Г АВДБ.758800.100;01759;2022-03-05;2022-03-05;2022-03-14;Санкт-Петербург;100 Ом, предохранитель 0,25А
93759;Блок БУЭВ-П АВДБ.758800.200;00423;2022-03-05;2022-03-05;2022-03-14;Санкт-Петербург;Предохранитель 0,25А, 100 Ом
93758;Сервер ИВС-1.01;;2022-03-05;2022-03-09;2022-03-14;Киров;Переустановка ПО. Ремонт DVD--привода.
93757;Прочее (см. примечания);;2022-03-05;2022-03-05;2022-03-14;Архангельск;Плата Э-12.09.10.04.001.01.02
93756;"Пожарная сигнализация УПС ""Дельта-М""";021800435;2022-03-05;;;Архангельск;Передана Бакину В.В. в ремонт 9.03.2022.
93755;Модуль расширения Siemens EM235;TDJ65063;2022-03-05;2022-03-09;2022-03-14;Архангельск;
93754;Модуль расширения Siemens EM235;TDJ65062;2022-03-05;2022-03-09;2022-03-14;Архангельск;
93753;Контроллер Siemens CPU226;U3L91679;2022-03-05;2022-03-09;2022-03-14;Архангельск;
93752;Контроллер Siemens CPU226;U3L92353;2022-03-05;2022-03-09;2022-03-14;Архангельск;
93751;Операторская панель Siemens TP170A;T4E58779;2022-03-05;2022-03-09;2022-03-14;Архангельск;
93750;Операторская панель Siemens TP170A;TDK06410;2022-03-05;2022-03-09;2022-03-14;Архангельск;
93749;Телевизор SHARP LC-15S1E;409812682;2022-03-05;;;Архангельск;
93748;Прочее (см. примечания);0721012601302;2022-03-05;2022-03-15;;Архангельск;Преобразователь ВЕСПЕР неисправна плата управления.
93747;Инвертор ПН-ПОЕТ-22-230-50-У1;625;2022-03-05;2022-03-14;2022-03-14;Архангельск;
93746;Плата ДТН-1 (ГАМЕМ);0114039;2022-03-05;;;Адлер;
93745;Пульт СКУДОПП-9/4-0-0/0;687;2022-03-05;2022-03-10;2022-03-14;Адлер;
93744;Контроллер Siemens SIBCOS M9000;1072;2022-03-05;2022-03-08;2022-03-14;Адлер;Электрохимическое повреждение токоведущих дорожек, посадочных мест и электронных компонентов.
93743;Операторская панель ABB CP552;0744-083;2022-03-05;2022-03-05;2022-03-05;Адлер;По просьбе Деляна Р.С. после ремонта отправлена в Мин. Воды.
93742;Блок CHG 090-AA05-10;060900000F;2022-03-04;2022-03-04;2022-03-04;Москва-Николаевка;2631 - 2шт
93741;Блок CHG 090-AA05-10;1434003OUN;2022-03-04;2022-03-04;2022-03-04;Москва-Николаевка;исправен
93740;Инвертор ИН 110/220/5000/50/М1;9311;2022-03-04;2022-03-09;2022-03-09;Москва-Николаевка;гв 10.08
93739;Инвертор ПН-ПОЕТ-12-230-50-У1;334;2022-03-04;2022-03-09;2022-03-09;Москва-Николаевка;
93738;Инвертор ПН-ПОЕТ-22-230-50-У1;2491;2022-03-04;2022-03-09;2022-03-09;Москва-Ярославская;гв08.12 Клемма
93737;Инвертор ИН 110/220/5000/50/М1;14517;2022-03-04;2022-03-09;2022-03-09;Москва-Ярославская;
93736;Панель информационная ПИ 1280х248;00703;2022-03-04;2022-03-04;2022-03-04;Москва-Киевская;
93735;БРЧ;2179;2022-03-03;2022-03-09;2022-03-09;Москва-Ярославская;
93734;Панель Advantech TPC-31T-E3AE;GSA0151138;2022-03-03;2022-03-03;2022-03-04;Смоленск;Зам. и прош. SD-карты
93733;Блок CHG 090-AA05-10;0609000039;2022-03-03;2022-03-04;2022-03-04;Смоленск;
93732;Блок CHG 090-AA05-10;060900000К;2022-03-03;2022-03-04;2022-03-04;Смоленск;2631 - 2шт
93731;Модуль БУЭ-К (Экспресс 1А41);00204;2022-03-03;2022-03-04;2022-03-04;Смоленск;исправен
93730;Блок упр. авт. двери СПСТ.468361.016;11091128;2022-03-03;2022-03-04;2022-03-04;Смоленск;
93729;Блок упр. авт. двери СПСТ.468361.016;807111;2022-03-03;2022-03-04;2022-03-04;Смоленск;
93728;Блок упр. авт. двери СПСТ.468361.016;804088;2022-03-03;2022-03-04;2022-03-04;Смоленск;
93727;Блок упр. авт. двери СМПК.422412.004 (ЭЛСИЭЛ);9247;2022-03-03;2022-03-04;2022-03-05;Подменный фонд;КМТ . варистор
93726;Преобразователь MEAN WELL SD-500H-24;EB99707827;2022-03-03;2022-03-11;2022-03-15;Сервисный центр;Адлер
93725;Модуль СИЛ (БРНГ Кросна);;2022-03-03;2022-03-09;2022-03-09;Сервисный центр;Саратов
93724;Модуль БУЭ-К (Экспресс 1А41);03085;2022-03-03;2022-03-04;2022-03-09;Сервисный центр;Улан-Удэ. IXTK120N25P, 1.5KE200 - 2 шт
93723;Модуль БУЭ-К (Экспресс 1А41);01317;2022-03-03;2022-03-04;2022-03-09;Сервисный центр;Николаевка. Регулировка
93722;Модуль БУЭ-К (Экспресс 1А41);00222;2022-03-03;2022-03-04;2022-03-09;Сервисный центр;исправен
93721;Модуль БУЭ-К (Экспресс 1А41);00919;2022-03-03;2022-03-04;2022-03-09;Сервисный центр;Воронеж. регулировка
93720;Модуль МГ-12 (Латво);1052;2022-03-03;2022-03-03;2022-03-09;Сервисный центр;Ульяновск
93719;Модуль МГ-11 (Латво);772;2022-03-03;2022-03-03;2022-03-09;Сервисный центр;Челябинск
93718;Огр. напр. ОСН-2.5 ППЕТ-25-110 СМПК.435251.007;221;2022-03-03;2022-03-03;2022-03-09;Сервисный центр;
93717;Инвертор ПН-ПОЕТ-22-230-50-У1;2346;2022-03-03;2022-03-09;2022-03-09;Сервисный центр;Казань
93716;Инвертор ИН 110/220/5000/50/М1;11068;2022-03-03;2022-03-04;2022-03-09;Сервисный центр;Петрозаводск гв07.10 Исправен
93715;Контроллер помещения ТЯИЛ.468219.008 (КОНТИНЕНТ);;2022-03-03;2022-03-10;2022-03-11;Вологда;
93714;Операторская панель ABB CP430;6620500951;2022-03-02;;;Минеральные Воды;
93713;Блок упр. авт. двери СПСТ.468361.016;911939;2022-03-02;2022-03-03;2022-03-03;Москва-Киевская;
93712;Блок упр. авт. двери СПСТ.468361.016;811015;2022-03-02;2022-03-03;2022-03-03;Москва-Киевская;
93711;Блок упр. авт. двери СПСТ.468361.016;11111337;2022-03-02;2022-03-03;2022-03-03;Москва-Киевская;
93710;Блок БРНГ в сборе ЖИТМ.421243.001 (Кросна);540;2022-03-02;2022-03-04;2022-03-04;Москва-Ярославская;
93709;Инвертор ПН-ПОЕТ-12-230-50-У1;830;2022-03-02;2022-03-04;2022-03-09;Москва-Ярославская;гв 03.05
93708;Преобразователь MEAN WELL RSP-1500-12;RA83239816;2022-03-02;;;Новороссийск;
